<?xml version="1.0" encoding="UTF-8"?>
<configuration>
 
  <appender name="FILE" class="ch.qos.logback.core.rolling.RollingFileAppender">
    <file>logs/Masterprojekt.log</file>
    <rollingPolicy class="ch.qos.logback.core.rolling.TimeBasedRollingPolicy">
      <fileNamePattern>logs/Masterprojekt-%d{yyyy-MM-dd}.log</fileNamePattern>
    </rollingPolicy>
    
    <encoder class="ch.qos.logback.classic.encoder.PatternLayoutEncoder">
      <Pattern>%d{HH:mm:ss.SSS} [%thread] %-5level %logger{36} - %msg%n</Pattern>
    </encoder>
  </appender>
   
  <logger name="services" level="TRACE"/>
   
 
  <root level="debug">
    <appender-ref ref="FILE" />
  </root>
</configuration>